-- phpMyAdmin SQL Dump
-- version 5.1.1
-- https://www.phpmyadmin.net/
--
-- Host: localhost
-- Generation Time: Oct 16, 2021 at 08:36 PM
-- Server version: 10.4.20-MariaDB
-- PHP Version: 8.0.9

SET SQL_MODE = "NO_AUTO_VALUE_ON_ZERO";
START TRANSACTION;
SET time_zone = "+00:00";


/*!40101 SET @OLD_CHARACTER_SET_CLIENT=@@CHARACTER_SET_CLIENT */;
/*!40101 SET @OLD_CHARACTER_SET_RESULTS=@@CHARACTER_SET_RESULTS */;
/*!40101 SET @OLD_COLLATION_CONNECTION=@@COLLATION_CONNECTION */;
/*!40101 SET NAMES utf8mb4 */;

--
-- Database: `test2`
--
CREATE DATABASE IF NOT EXISTS `test2` DEFAULT CHARACTER SET utf8mb4 COLLATE utf8mb4_general_ci;
USE `test2`;

-- --------------------------------------------------------

--
-- Table structure for table `answers`
--

DROP TABLE IF EXISTS `answers`;
CREATE TABLE `answers` (
  `id` bigint(20) UNSIGNED NOT NULL,
  `answer_name` varchar(191) COLLATE utf8mb4_unicode_ci DEFAULT NULL,
  `created_at` timestamp NULL DEFAULT NULL,
  `updated_at` timestamp NULL DEFAULT NULL
) ENGINE=InnoDB DEFAULT CHARSET=utf8mb4 COLLATE=utf8mb4_unicode_ci;

--
-- Dumping data for table `answers`
--

INSERT INTO `answers` (`id`, `answer_name`, `created_at`, `updated_at`) VALUES
(1, '1', '2021-10-08 03:23:38', '2021-10-08 03:23:38'),
(2, '1', '2021-10-08 03:23:38', '2021-10-08 03:23:38'),
(3, '5', '2021-10-08 03:23:43', '2021-10-08 03:23:43'),
(4, '3', '2021-10-08 03:23:43', '2021-10-08 03:23:43'),
(5, '1', '2021-10-08 03:27:42', '2021-10-08 03:27:42'),
(6, '1', '2021-10-08 03:27:42', '2021-10-08 03:27:42'),
(7, '', '2021-10-08 03:27:42', '2021-10-08 03:27:42'),
(8, '', '2021-10-08 03:27:42', '2021-10-08 03:27:42'),
(9, '1', '2021-10-08 03:27:42', '2021-10-08 03:27:42'),
(10, '2', '2021-10-08 03:42:23', '2021-10-08 03:42:23'),
(13, '', '2021-10-08 03:42:23', '2021-10-08 03:42:23'),
(19, '2', '2021-10-08 18:17:32', '2021-10-08 18:17:32'),
(20, '2', '2021-10-08 18:17:32', '2021-10-08 18:17:32'),
(21, '2', '2021-10-08 18:17:32', '2021-10-08 18:17:32'),
(22, '2', '2021-10-08 18:19:20', '2021-10-08 18:19:20'),
(23, '2', '2021-10-08 18:19:20', '2021-10-08 18:19:20'),
(24, '2', '2021-10-08 18:19:20', '2021-10-08 18:19:20'),
(25, '2', '2021-10-08 18:19:20', '2021-10-08 18:19:20'),
(26, '3', '2021-10-08 18:21:56', '2021-10-08 18:21:56'),
(27, '3', '2021-10-08 18:21:56', '2021-10-08 18:21:56'),
(28, '3', '2021-10-08 18:21:56', '2021-10-08 18:21:56'),
(29, '3', '2021-10-08 18:21:56', '2021-10-08 18:21:56'),
(30, '', '2021-10-08 18:21:56', '2021-10-08 18:21:56'),
(31, '', '2021-10-08 18:21:56', '2021-10-08 18:21:56'),
(32, '', '2021-10-08 18:21:56', '2021-10-08 18:21:56'),
(33, '', '2021-10-08 18:21:56', '2021-10-08 18:21:56'),
(34, '', '2021-10-08 18:21:56', '2021-10-08 18:21:56'),
(40, '', '2021-10-08 18:26:39', '2021-10-08 18:26:39'),
(41, '', '2021-10-08 18:26:39', '2021-10-08 18:26:39'),
(42, '', '2021-10-08 18:26:39', '2021-10-08 18:26:39'),
(43, '', '2021-10-08 18:26:39', '2021-10-08 18:26:39'),
(44, '', '2021-10-08 18:26:39', '2021-10-08 18:26:39'),
(45, '', '2021-10-08 18:26:39', '2021-10-08 18:26:39'),
(46, '', '2021-10-08 18:26:39', '2021-10-08 18:26:39'),
(47, '', '2021-10-08 18:26:39', '2021-10-08 18:26:39'),
(48, '', '2021-10-08 18:26:39', '2021-10-08 18:26:39'),
(49, '', '2021-10-08 18:26:39', '2021-10-08 18:26:39'),
(50, '', '2021-10-08 18:26:39', '2021-10-08 18:26:39'),
(51, '', '2021-10-08 18:26:39', '2021-10-08 18:26:39'),
(52, '5', '2021-10-08 19:05:59', '2021-10-08 19:05:59'),
(53, '5', '2021-10-08 19:05:59', '2021-10-08 19:05:59'),
(54, '5', '2021-10-08 19:05:59', '2021-10-08 19:05:59'),
(55, '5', '2021-10-08 19:05:59', '2021-10-08 19:05:59'),
(56, '5', '2021-10-08 19:05:59', '2021-10-08 19:05:59'),
(57, '5', '2021-10-08 19:05:59', '2021-10-08 19:05:59'),
(58, '5', '2021-10-08 19:05:59', '2021-10-08 19:05:59'),
(59, '6', '2021-10-08 19:08:28', '2021-10-08 19:08:28'),
(60, '6', '2021-10-08 19:08:28', '2021-10-08 19:08:28'),
(61, '6', '2021-10-08 19:08:28', '2021-10-08 19:08:28'),
(62, '6', '2021-10-08 19:08:28', '2021-10-08 19:08:28'),
(63, '6', '2021-10-08 19:08:28', '2021-10-08 19:08:28'),
(64, '6', '2021-10-08 19:08:28', '2021-10-08 19:08:28'),
(65, '6', '2021-10-08 19:08:28', '2021-10-08 19:08:28'),
(66, '', '2021-10-08 19:08:28', '2021-10-08 19:08:28'),
(67, '', '2021-10-08 19:08:28', '2021-10-08 19:08:28'),
(68, '', '2021-10-08 19:08:28', '2021-10-08 19:08:28'),
(69, '', '2021-10-08 19:08:28', '2021-10-08 19:08:28'),
(70, '', '2021-10-08 19:08:28', '2021-10-08 19:08:28'),
(71, '', '2021-10-08 19:08:28', '2021-10-08 19:08:28'),
(72, '', '2021-10-08 19:08:28', '2021-10-08 19:08:28'),
(73, '7', '2021-10-08 19:13:13', '2021-10-08 19:13:13'),
(74, '7', '2021-10-08 19:13:13', '2021-10-08 19:13:13'),
(75, '7', '2021-10-08 19:13:13', '2021-10-08 19:13:13'),
(76, '7', '2021-10-08 19:13:13', '2021-10-08 19:13:13'),
(77, '7', '2021-10-08 19:13:13', '2021-10-08 19:13:13'),
(78, '7', '2021-10-08 19:13:13', '2021-10-08 19:13:13'),
(79, '7', '2021-10-08 19:13:13', '2021-10-08 19:13:13'),
(80, '7', '2021-10-08 19:13:13', '2021-10-08 19:13:13'),
(81, '7', '2021-10-08 19:13:13', '2021-10-08 19:13:13'),
(82, '', '2021-10-08 19:13:13', '2021-10-08 19:13:13'),
(83, '', '2021-10-08 19:13:13', '2021-10-08 19:13:13'),
(84, '', '2021-10-08 19:13:13', '2021-10-08 19:13:13'),
(85, '', '2021-10-08 19:13:13', '2021-10-08 19:13:13'),
(86, '', '2021-10-08 19:13:13', '2021-10-08 19:13:13'),
(87, '', '2021-10-08 19:13:13', '2021-10-08 19:13:13'),
(88, '', '2021-10-08 19:13:13', '2021-10-08 19:13:13'),
(89, '', '2021-10-08 19:13:13', '2021-10-08 19:13:13'),
(90, '8 y 9 ', '2021-10-08 19:14:18', '2021-10-08 19:14:18'),
(91, '8 y 9 ', '2021-10-08 19:14:18', '2021-10-08 19:14:18'),
(92, '8 y 9 ', '2021-10-08 19:14:18', '2021-10-08 19:14:18'),
(93, '8 y 9 ', '2021-10-08 19:14:18', '2021-10-08 19:14:18'),
(94, '8 y 9 ', '2021-10-08 19:14:18', '2021-10-08 19:14:18'),
(95, '8 y 9 ', '2021-10-08 19:14:18', '2021-10-08 19:14:18'),
(96, '8 y 9 ', '2021-10-08 19:14:18', '2021-10-08 19:14:18'),
(97, '8 y 9 ', '2021-10-08 19:14:18', '2021-10-08 19:14:18'),
(98, '8 y 9 ', '2021-10-08 19:14:18', '2021-10-08 19:14:18'),
(99, '8 y 9 ', '2021-10-08 19:14:18', '2021-10-08 19:14:18'),
(100, '', '2021-10-08 19:14:18', '2021-10-08 19:14:18'),
(101, '', '2021-10-08 19:14:18', '2021-10-08 19:14:18'),
(102, '', '2021-10-08 19:14:18', '2021-10-08 19:14:18'),
(103, '', '2021-10-08 19:14:18', '2021-10-08 19:14:18'),
(104, '', '2021-10-08 19:14:18', '2021-10-08 19:14:18'),
(105, '', '2021-10-08 19:14:18', '2021-10-08 19:14:18'),
(106, '', '2021-10-08 19:14:18', '2021-10-08 19:14:18'),
(107, '', '2021-10-08 19:14:18', '2021-10-08 19:14:18'),
(108, '', '2021-10-08 19:14:18', '2021-10-08 19:14:18'),
(109, '8 y 9 ', '2021-10-08 19:14:18', '2021-10-08 19:14:18'),
(110, '', '2021-10-08 19:14:18', '2021-10-08 19:14:18'),
(111, '', '2021-10-08 19:14:18', '2021-10-08 19:14:18'),
(112, '', '2021-10-08 19:14:18', '2021-10-08 19:14:18'),
(113, '', '2021-10-08 19:14:18', '2021-10-08 19:14:18'),
(114, '', '2021-10-08 19:14:18', '2021-10-08 19:14:18'),
(115, '', '2021-10-08 19:14:18', '2021-10-08 19:14:18'),
(116, '', '2021-10-08 19:14:18', '2021-10-08 19:14:18'),
(117, '', '2021-10-08 19:14:18', '2021-10-08 19:14:18'),
(118, '', '2021-10-08 19:14:18', '2021-10-08 19:14:18'),
(119, '1', '2021-10-08 20:32:17', '2021-10-08 20:32:17'),
(120, '', '2021-10-08 20:32:17', '2021-10-08 20:32:17'),
(121, '1', '2021-10-08 20:32:17', '2021-10-08 20:32:17'),
(122, NULL, '2021-10-08 20:57:37', '2021-10-08 20:57:51'),
(123, '1', '2021-10-08 20:57:37', '2021-10-08 20:57:51'),
(124, '1', '2021-10-08 20:57:37', '2021-10-08 20:57:51'),
(125, '1', '2021-10-11 22:27:11', '2021-10-11 22:27:11'),
(126, '', '2021-10-11 22:27:11', '2021-10-11 22:27:11'),
(127, '1', '2021-10-11 22:27:11', '2021-10-11 22:27:11'),
(128, '', '2021-10-11 22:27:11', '2021-10-11 22:27:11'),
(129, '1', '2021-10-11 22:27:11', '2021-10-11 22:27:11'),
(130, '1', '2021-10-11 22:27:11', '2021-10-11 22:27:11'),
(131, '1', '2021-10-11 22:27:11', '2021-10-11 22:27:11'),
(132, '', '2021-10-11 22:27:11', '2021-10-11 22:27:11'),
(133, '1', '2021-10-11 22:27:11', '2021-10-11 22:27:11'),
(134, '', '2021-10-11 22:27:11', '2021-10-11 22:27:11'),
(135, '1', '2021-10-11 22:27:11', '2021-10-11 22:27:11'),
(136, '1', '2021-10-11 22:27:11', '2021-10-11 22:27:11'),
(137, '1', '2021-10-11 22:27:11', '2021-10-11 22:27:11'),
(138, '', '2021-10-11 22:27:11', '2021-10-11 22:27:11'),
(139, '1', '2021-10-11 22:27:11', '2021-10-11 22:27:11'),
(140, '', '2021-10-11 22:27:11', '2021-10-11 22:27:11'),
(141, '1', '2021-10-11 22:27:11', '2021-10-11 22:27:11'),
(142, '1', '2021-10-11 22:27:11', '2021-10-11 22:27:11'),
(143, '1', '2021-10-11 22:27:11', '2021-10-11 22:27:11'),
(144, '', '2021-10-11 22:27:11', '2021-10-11 22:27:11'),
(145, '1', '2021-10-11 22:27:11', '2021-10-11 22:27:11'),
(146, '', '2021-10-11 22:27:11', '2021-10-11 22:27:11'),
(147, '', '2021-10-11 22:27:11', '2021-10-11 22:27:11'),
(148, '1', '2021-10-11 22:27:11', '2021-10-11 22:27:11'),
(149, '1', '2021-10-11 22:28:40', '2021-10-11 22:28:40'),
(150, '', '2021-10-11 22:28:40', '2021-10-11 22:28:40'),
(151, '1', '2021-10-11 22:28:40', '2021-10-11 22:28:40'),
(152, '', '2021-10-11 22:28:40', '2021-10-11 22:28:40'),
(153, '1', '2021-10-11 22:28:40', '2021-10-11 22:28:40'),
(154, '1', '2021-10-11 22:28:40', '2021-10-11 22:28:40'),
(155, '1', '2021-10-11 22:28:40', '2021-10-11 22:28:40'),
(156, '', '2021-10-11 22:28:40', '2021-10-11 22:28:40'),
(157, '1', '2021-10-11 22:28:40', '2021-10-11 22:28:40'),
(158, '', '2021-10-11 22:28:40', '2021-10-11 22:28:40'),
(159, '1', '2021-10-11 22:28:40', '2021-10-11 22:28:40'),
(160, '1', '2021-10-11 22:28:40', '2021-10-11 22:28:40'),
(161, '1', '2021-10-11 22:28:40', '2021-10-11 22:28:40'),
(162, '', '2021-10-11 22:28:40', '2021-10-11 22:28:40'),
(163, '1', '2021-10-11 22:28:40', '2021-10-11 22:28:40'),
(164, '', '2021-10-11 22:28:40', '2021-10-11 22:28:40'),
(165, '1', '2021-10-11 22:28:40', '2021-10-11 22:28:40'),
(166, '1', '2021-10-11 22:28:40', '2021-10-11 22:28:40'),
(167, '1', '2021-10-11 22:28:40', '2021-10-11 22:28:40'),
(168, '', '2021-10-11 22:28:40', '2021-10-11 22:28:40'),
(169, '1', '2021-10-11 22:28:40', '2021-10-11 22:28:40'),
(170, '', '2021-10-11 22:28:40', '2021-10-11 22:28:40'),
(171, '', '2021-10-11 22:28:40', '2021-10-11 22:28:40'),
(172, '1', '2021-10-11 22:28:40', '2021-10-11 22:28:40'),
(206, NULL, '2021-10-14 02:19:52', '2021-10-14 02:19:52'),
(207, NULL, '2021-10-14 02:19:53', '2021-10-14 02:19:53'),
(208, NULL, '2021-10-14 02:19:53', '2021-10-14 02:19:53'),
(209, NULL, '2021-10-14 02:19:53', '2021-10-14 02:19:53'),
(210, NULL, '2021-10-14 02:19:53', '2021-10-14 02:19:53'),
(211, NULL, '2021-10-14 02:19:53', '2021-10-14 02:19:53'),
(212, NULL, '2021-10-14 02:19:53', '2021-10-14 02:19:53'),
(213, NULL, '2021-10-14 02:19:53', '2021-10-14 02:19:53'),
(214, NULL, '2021-10-14 02:19:53', '2021-10-14 02:19:53'),
(215, NULL, '2021-10-14 02:19:53', '2021-10-14 02:19:53'),
(216, NULL, '2021-10-14 02:19:53', '2021-10-14 02:19:53'),
(217, NULL, '2021-10-14 02:20:51', '2021-10-14 02:20:51'),
(218, NULL, '2021-10-14 02:20:51', '2021-10-14 02:20:51'),
(219, NULL, '2021-10-14 02:20:51', '2021-10-14 02:20:51'),
(220, NULL, '2021-10-14 02:20:51', '2021-10-14 02:20:51'),
(221, NULL, '2021-10-14 02:20:51', '2021-10-14 02:20:51'),
(222, NULL, '2021-10-14 02:20:51', '2021-10-14 02:20:51'),
(223, NULL, '2021-10-14 02:20:51', '2021-10-14 02:20:51'),
(224, NULL, '2021-10-14 02:20:51', '2021-10-14 02:20:51'),
(225, NULL, '2021-10-14 02:20:51', '2021-10-14 02:20:51'),
(226, NULL, '2021-10-14 02:20:51', '2021-10-14 02:20:51'),
(227, NULL, '2021-10-14 02:20:51', '2021-10-14 02:20:51'),
(228, NULL, '2021-10-14 02:31:44', '2021-10-14 02:31:44'),
(229, NULL, '2021-10-14 02:31:44', '2021-10-14 02:31:44'),
(230, NULL, '2021-10-14 02:31:44', '2021-10-14 02:31:44'),
(231, NULL, '2021-10-14 02:31:44', '2021-10-14 02:31:44'),
(232, NULL, '2021-10-14 02:31:44', '2021-10-14 02:31:44'),
(233, NULL, '2021-10-14 02:31:44', '2021-10-14 02:31:44'),
(234, NULL, '2021-10-14 02:31:44', '2021-10-14 02:31:44'),
(235, NULL, '2021-10-14 02:31:44', '2021-10-14 02:31:44'),
(236, NULL, '2021-10-14 02:31:44', '2021-10-14 02:31:44'),
(237, NULL, '2021-10-14 02:31:44', '2021-10-14 02:31:44'),
(238, NULL, '2021-10-14 02:31:45', '2021-10-14 02:31:45'),
(239, NULL, '2021-10-14 02:31:48', '2021-10-14 02:31:48'),
(240, NULL, '2021-10-14 02:31:48', '2021-10-14 02:31:48'),
(241, NULL, '2021-10-14 02:31:48', '2021-10-14 02:31:48'),
(242, NULL, '2021-10-14 02:31:48', '2021-10-14 02:31:48'),
(243, NULL, '2021-10-14 02:31:48', '2021-10-14 02:31:48'),
(244, NULL, '2021-10-14 02:31:48', '2021-10-14 02:31:48'),
(245, NULL, '2021-10-14 02:31:48', '2021-10-14 02:31:48'),
(246, NULL, '2021-10-14 02:31:48', '2021-10-14 02:31:48'),
(247, NULL, '2021-10-14 02:31:48', '2021-10-14 02:31:48'),
(248, NULL, '2021-10-14 02:31:48', '2021-10-14 02:31:48'),
(249, NULL, '2021-10-14 02:31:48', '2021-10-14 02:31:48');

-- --------------------------------------------------------

--
-- Table structure for table `cities`
--

DROP TABLE IF EXISTS `cities`;
CREATE TABLE `cities` (
  `id` bigint(20) UNSIGNED NOT NULL,
  `city_name` varchar(191) COLLATE utf8mb4_unicode_ci NOT NULL,
  `province_id` bigint(20) UNSIGNED DEFAULT NULL,
  `created_at` timestamp NULL DEFAULT NULL,
  `updated_at` timestamp NULL DEFAULT NULL
) ENGINE=InnoDB DEFAULT CHARSET=utf8mb4 COLLATE=utf8mb4_unicode_ci;

--
-- Dumping data for table `cities`
--

INSERT INTO `cities` (`id`, `city_name`, `province_id`, `created_at`, `updated_at`) VALUES
(1, 'Paraná', 2, NULL, NULL),
(2, 'Santa Fé', 1, NULL, NULL);

-- --------------------------------------------------------

--
-- Table structure for table `countries`
--

DROP TABLE IF EXISTS `countries`;
CREATE TABLE `countries` (
  `id` bigint(20) UNSIGNED NOT NULL,
  `country_name` varchar(191) COLLATE utf8mb4_unicode_ci NOT NULL,
  `created_at` timestamp NULL DEFAULT NULL,
  `updated_at` timestamp NULL DEFAULT NULL
) ENGINE=InnoDB DEFAULT CHARSET=utf8mb4 COLLATE=utf8mb4_unicode_ci;

--
-- Dumping data for table `countries`
--

INSERT INTO `countries` (`id`, `country_name`, `created_at`, `updated_at`) VALUES
(1, 'Argentina', NULL, NULL);

-- --------------------------------------------------------

--
-- Table structure for table `data`
--

DROP TABLE IF EXISTS `data`;
CREATE TABLE `data` (
  `id` bigint(20) UNSIGNED NOT NULL,
  `data_question` varchar(191) COLLATE utf8mb4_unicode_ci DEFAULT NULL,
  `created_at` timestamp NULL DEFAULT NULL,
  `updated_at` timestamp NULL DEFAULT NULL
) ENGINE=InnoDB DEFAULT CHARSET=utf8mb4 COLLATE=utf8mb4_unicode_ci;

--
-- Dumping data for table `data`
--

INSERT INTO `data` (`id`, `data_question`, `created_at`, `updated_at`) VALUES
(1, 'Preg. 1 primer proyecto', '2021-10-08 03:23:16', '2021-10-08 03:23:16'),
(2, 'Preg. 2 primer proyecto', '2021-10-08 03:23:16', '2021-10-08 03:23:16'),
(3, 'Nuevo Campo', '2021-10-08 03:27:42', '2021-10-08 03:27:42'),
(5, 'Nuevo Camppo 2', '2021-10-08 18:17:32', '2021-10-08 18:17:32'),
(6, 'Nuevo Camppo 3', '2021-10-08 18:21:56', '2021-10-08 18:21:56'),
(7, 'Nuevo Camppo 4', '2021-10-08 18:26:39', '2021-10-08 18:26:39'),
(8, 'Nuevo Camppo 5', '2021-10-08 18:26:39', '2021-10-08 18:26:39'),
(9, 'Nuevo Camppo 6', '2021-10-08 19:08:28', '2021-10-08 19:08:28'),
(10, 'Nuevo Camppo 7', '2021-10-08 19:13:13', '2021-10-08 19:13:13'),
(11, 'Nuevo Camppo 8', '2021-10-08 19:14:18', '2021-10-08 19:14:18'),
(12, 'Nuevo Camppo 9', '2021-10-08 19:14:18', '2021-10-08 19:14:18'),
(13, 'Campo 1', '2021-10-08 20:32:17', '2021-10-08 20:32:17'),
(14, 'Campo 2', '2021-10-08 20:32:17', '2021-10-08 20:32:17'),
(15, 'Campo 3', '2021-10-08 20:32:17', '2021-10-08 20:32:17');

-- --------------------------------------------------------

--
-- Table structure for table `data_answers`
--

DROP TABLE IF EXISTS `data_answers`;
CREATE TABLE `data_answers` (
  `id` bigint(20) UNSIGNED NOT NULL,
  `data_id` bigint(20) UNSIGNED DEFAULT NULL,
  `answer_id` bigint(20) UNSIGNED DEFAULT NULL,
  `relevamiento_id` bigint(20) UNSIGNED DEFAULT NULL,
  `created_at` timestamp NULL DEFAULT NULL,
  `updated_at` timestamp NULL DEFAULT NULL
) ENGINE=InnoDB DEFAULT CHARSET=utf8mb4 COLLATE=utf8mb4_unicode_ci;

--
-- Dumping data for table `data_answers`
--

INSERT INTO `data_answers` (`id`, `data_id`, `answer_id`, `relevamiento_id`, `created_at`, `updated_at`) VALUES
(1, 1, 1, 1, '2021-10-08 03:23:38', '2021-10-08 03:23:38'),
(2, 2, 2, 1, '2021-10-08 03:23:38', '2021-10-08 03:23:38'),
(3, 1, 3, 2, '2021-10-08 03:23:43', '2021-10-08 03:23:43'),
(4, 2, 4, 2, '2021-10-08 03:23:43', '2021-10-08 03:23:43'),
(5, 1, 5, 3, '2021-10-08 03:27:42', '2021-10-08 03:27:42'),
(6, 2, 6, 3, '2021-10-08 03:27:42', '2021-10-08 03:27:42'),
(7, 3, 7, 1, '2021-10-08 03:27:42', '2021-10-08 03:27:42'),
(8, 3, 8, 2, '2021-10-08 03:27:42', '2021-10-08 03:27:42'),
(9, 3, 9, 3, '2021-10-08 03:27:42', '2021-10-08 03:27:42'),
(19, 1, 19, 7, '2021-10-08 18:17:32', '2021-10-08 18:17:32'),
(20, 2, 20, 7, '2021-10-08 18:17:32', '2021-10-08 18:17:32'),
(21, 3, 21, 7, '2021-10-08 18:17:32', '2021-10-08 18:17:32'),
(22, 1, 22, 8, '2021-10-08 18:19:20', '2021-10-08 18:19:20'),
(23, 2, 23, 8, '2021-10-08 18:19:20', '2021-10-08 18:19:20'),
(24, 3, 24, 8, '2021-10-08 18:19:20', '2021-10-08 18:19:20'),
(25, 5, 25, 8, '2021-10-08 18:19:20', '2021-10-08 18:19:20'),
(26, 1, 26, 9, '2021-10-08 18:21:56', '2021-10-08 18:21:56'),
(27, 2, 27, 9, '2021-10-08 18:21:56', '2021-10-08 18:21:56'),
(28, 3, 28, 9, '2021-10-08 18:21:56', '2021-10-08 18:21:56'),
(29, 5, 29, 9, '2021-10-08 18:21:56', '2021-10-08 18:21:56'),
(30, 6, 30, 1, '2021-10-08 18:21:56', '2021-10-08 18:21:56'),
(31, 6, 31, 2, '2021-10-08 18:21:56', '2021-10-08 18:21:56'),
(32, 6, 32, 3, '2021-10-08 18:21:56', '2021-10-08 18:21:56'),
(33, 6, 33, 7, '2021-10-08 18:21:56', '2021-10-08 18:21:56'),
(34, 6, 34, 8, '2021-10-08 18:21:56', '2021-10-08 18:21:56'),
(40, 7, 40, 1, '2021-10-08 18:26:39', '2021-10-08 18:26:39'),
(41, 7, 41, 2, '2021-10-08 18:26:39', '2021-10-08 18:26:39'),
(42, 7, 42, 3, '2021-10-08 18:26:39', '2021-10-08 18:26:39'),
(43, 7, 43, 7, '2021-10-08 18:26:39', '2021-10-08 18:26:39'),
(44, 7, 44, 8, '2021-10-08 18:26:39', '2021-10-08 18:26:39'),
(45, 7, 45, 9, '2021-10-08 18:26:39', '2021-10-08 18:26:39'),
(46, 8, 46, 1, '2021-10-08 18:26:39', '2021-10-08 18:26:39'),
(47, 8, 47, 2, '2021-10-08 18:26:39', '2021-10-08 18:26:39'),
(48, 8, 48, 3, '2021-10-08 18:26:39', '2021-10-08 18:26:39'),
(49, 8, 49, 7, '2021-10-08 18:26:39', '2021-10-08 18:26:39'),
(50, 8, 50, 8, '2021-10-08 18:26:39', '2021-10-08 18:26:39'),
(51, 8, 51, 9, '2021-10-08 18:26:39', '2021-10-08 18:26:39'),
(52, 1, 52, 11, '2021-10-08 19:05:59', '2021-10-08 19:05:59'),
(53, 2, 53, 11, '2021-10-08 19:05:59', '2021-10-08 19:05:59'),
(54, 3, 54, 11, '2021-10-08 19:05:59', '2021-10-08 19:05:59'),
(55, 5, 55, 11, '2021-10-08 19:05:59', '2021-10-08 19:05:59'),
(56, 6, 56, 11, '2021-10-08 19:05:59', '2021-10-08 19:05:59'),
(57, 7, 57, 11, '2021-10-08 19:05:59', '2021-10-08 19:05:59'),
(58, 8, 58, 11, '2021-10-08 19:05:59', '2021-10-08 19:05:59'),
(59, 1, 59, 12, '2021-10-08 19:08:28', '2021-10-08 19:08:28'),
(60, 2, 60, 12, '2021-10-08 19:08:28', '2021-10-08 19:08:28'),
(61, 3, 61, 12, '2021-10-08 19:08:28', '2021-10-08 19:08:28'),
(62, 5, 62, 12, '2021-10-08 19:08:28', '2021-10-08 19:08:28'),
(63, 6, 63, 12, '2021-10-08 19:08:28', '2021-10-08 19:08:28'),
(64, 7, 64, 12, '2021-10-08 19:08:28', '2021-10-08 19:08:28'),
(65, 8, 65, 12, '2021-10-08 19:08:28', '2021-10-08 19:08:28'),
(66, 9, 66, 1, '2021-10-08 19:08:28', '2021-10-08 19:08:28'),
(67, 9, 67, 2, '2021-10-08 19:08:28', '2021-10-08 19:08:28'),
(68, 9, 68, 3, '2021-10-08 19:08:28', '2021-10-08 19:08:28'),
(69, 9, 69, 7, '2021-10-08 19:08:28', '2021-10-08 19:08:28'),
(70, 9, 70, 8, '2021-10-08 19:08:28', '2021-10-08 19:08:28'),
(71, 9, 71, 9, '2021-10-08 19:08:28', '2021-10-08 19:08:28'),
(72, 9, 72, 11, '2021-10-08 19:08:28', '2021-10-08 19:08:28'),
(73, 1, 73, 13, '2021-10-08 19:13:13', '2021-10-08 19:13:13'),
(74, 2, 74, 13, '2021-10-08 19:13:13', '2021-10-08 19:13:13'),
(75, 3, 75, 13, '2021-10-08 19:13:13', '2021-10-08 19:13:13'),
(76, 5, 76, 13, '2021-10-08 19:13:13', '2021-10-08 19:13:13'),
(77, 6, 77, 13, '2021-10-08 19:13:13', '2021-10-08 19:13:13'),
(78, 7, 78, 13, '2021-10-08 19:13:13', '2021-10-08 19:13:13'),
(79, 8, 79, 13, '2021-10-08 19:13:13', '2021-10-08 19:13:13'),
(80, 9, 80, 13, '2021-10-08 19:13:13', '2021-10-08 19:13:13'),
(81, 10, 81, 13, '2021-10-08 19:13:13', '2021-10-08 19:13:13'),
(82, 10, 82, 1, '2021-10-08 19:13:13', '2021-10-08 19:13:13'),
(83, 10, 83, 2, '2021-10-08 19:13:13', '2021-10-08 19:13:13'),
(84, 10, 84, 3, '2021-10-08 19:13:13', '2021-10-08 19:13:13'),
(85, 10, 85, 7, '2021-10-08 19:13:13', '2021-10-08 19:13:13'),
(86, 10, 86, 8, '2021-10-08 19:13:13', '2021-10-08 19:13:13'),
(87, 10, 87, 9, '2021-10-08 19:13:13', '2021-10-08 19:13:13'),
(88, 10, 88, 11, '2021-10-08 19:13:13', '2021-10-08 19:13:13'),
(89, 10, 89, 12, '2021-10-08 19:13:13', '2021-10-08 19:13:13'),
(90, 1, 90, 14, '2021-10-08 19:14:18', '2021-10-08 19:14:18'),
(91, 2, 91, 14, '2021-10-08 19:14:18', '2021-10-08 19:14:18'),
(92, 3, 92, 14, '2021-10-08 19:14:18', '2021-10-08 19:14:18'),
(93, 5, 93, 14, '2021-10-08 19:14:18', '2021-10-08 19:14:18'),
(94, 6, 94, 14, '2021-10-08 19:14:18', '2021-10-08 19:14:18'),
(95, 7, 95, 14, '2021-10-08 19:14:18', '2021-10-08 19:14:18'),
(96, 8, 96, 14, '2021-10-08 19:14:18', '2021-10-08 19:14:18'),
(97, 9, 97, 14, '2021-10-08 19:14:18', '2021-10-08 19:14:18'),
(98, 10, 98, 14, '2021-10-08 19:14:18', '2021-10-08 19:14:18'),
(99, 11, 99, 14, '2021-10-08 19:14:18', '2021-10-08 19:14:18'),
(100, 11, 100, 1, '2021-10-08 19:14:18', '2021-10-08 19:14:18'),
(101, 11, 101, 2, '2021-10-08 19:14:18', '2021-10-08 19:14:18'),
(102, 11, 102, 3, '2021-10-08 19:14:18', '2021-10-08 19:14:18'),
(103, 11, 103, 7, '2021-10-08 19:14:18', '2021-10-08 19:14:18'),
(104, 11, 104, 8, '2021-10-08 19:14:18', '2021-10-08 19:14:18'),
(105, 11, 105, 9, '2021-10-08 19:14:18', '2021-10-08 19:14:18'),
(106, 11, 106, 11, '2021-10-08 19:14:18', '2021-10-08 19:14:18'),
(107, 11, 107, 12, '2021-10-08 19:14:18', '2021-10-08 19:14:18'),
(108, 11, 108, 13, '2021-10-08 19:14:18', '2021-10-08 19:14:18'),
(109, 12, 109, 14, '2021-10-08 19:14:18', '2021-10-08 19:14:18'),
(110, 12, 110, 1, '2021-10-08 19:14:18', '2021-10-08 19:14:18'),
(111, 12, 111, 2, '2021-10-08 19:14:18', '2021-10-08 19:14:18'),
(112, 12, 112, 3, '2021-10-08 19:14:18', '2021-10-08 19:14:18'),
(113, 12, 113, 7, '2021-10-08 19:14:18', '2021-10-08 19:14:18'),
(114, 12, 114, 8, '2021-10-08 19:14:18', '2021-10-08 19:14:18'),
(115, 12, 115, 9, '2021-10-08 19:14:18', '2021-10-08 19:14:18'),
(116, 12, 116, 11, '2021-10-08 19:14:18', '2021-10-08 19:14:18'),
(117, 12, 117, 12, '2021-10-08 19:14:18', '2021-10-08 19:14:18'),
(118, 12, 118, 13, '2021-10-08 19:14:18', '2021-10-08 19:14:18'),
(119, 13, 119, 15, '2021-10-08 20:32:17', '2021-10-08 20:32:17'),
(120, 14, 120, 15, '2021-10-08 20:32:17', '2021-10-08 20:32:17'),
(121, 15, 121, 15, '2021-10-08 20:32:17', '2021-10-08 20:32:17'),
(122, 13, 122, 16, '2021-10-08 20:57:37', '2021-10-08 20:57:37'),
(123, 14, 123, 16, '2021-10-08 20:57:37', '2021-10-08 20:57:37'),
(124, 15, 124, 16, '2021-10-08 20:57:37', '2021-10-08 20:57:37'),
(125, 13, 125, 17, '2021-10-11 22:27:11', '2021-10-11 22:27:11'),
(126, 14, 126, 17, '2021-10-11 22:27:11', '2021-10-11 22:27:11'),
(127, 15, 127, 17, '2021-10-11 22:27:11', '2021-10-11 22:27:11'),
(128, 13, 128, 18, '2021-10-11 22:27:11', '2021-10-11 22:27:11'),
(129, 14, 129, 18, '2021-10-11 22:27:11', '2021-10-11 22:27:11'),
(130, 15, 130, 18, '2021-10-11 22:27:11', '2021-10-11 22:27:11'),
(131, 13, 131, 19, '2021-10-11 22:27:11', '2021-10-11 22:27:11'),
(132, 14, 132, 19, '2021-10-11 22:27:11', '2021-10-11 22:27:11'),
(133, 15, 133, 19, '2021-10-11 22:27:11', '2021-10-11 22:27:11'),
(134, 13, 134, 20, '2021-10-11 22:27:11', '2021-10-11 22:27:11'),
(135, 14, 135, 20, '2021-10-11 22:27:11', '2021-10-11 22:27:11'),
(136, 15, 136, 20, '2021-10-11 22:27:11', '2021-10-11 22:27:11'),
(137, 13, 137, 21, '2021-10-11 22:27:11', '2021-10-11 22:27:11'),
(138, 14, 138, 21, '2021-10-11 22:27:11', '2021-10-11 22:27:11'),
(139, 15, 139, 21, '2021-10-11 22:27:11', '2021-10-11 22:27:11'),
(140, 13, 140, 22, '2021-10-11 22:27:11', '2021-10-11 22:27:11'),
(141, 14, 141, 22, '2021-10-11 22:27:11', '2021-10-11 22:27:11'),
(142, 15, 142, 22, '2021-10-11 22:27:11', '2021-10-11 22:27:11'),
(143, 13, 143, 23, '2021-10-11 22:27:11', '2021-10-11 22:27:11'),
(144, 14, 144, 23, '2021-10-11 22:27:11', '2021-10-11 22:27:11'),
(145, 15, 145, 23, '2021-10-11 22:27:11', '2021-10-11 22:27:11'),
(146, 13, 146, 24, '2021-10-11 22:27:11', '2021-10-11 22:27:11'),
(147, 14, 147, 24, '2021-10-11 22:27:11', '2021-10-11 22:27:11'),
(148, 15, 148, 24, '2021-10-11 22:27:11', '2021-10-11 22:27:11'),
(149, 13, 149, 25, '2021-10-11 22:28:40', '2021-10-11 22:28:40'),
(150, 14, 150, 25, '2021-10-11 22:28:40', '2021-10-11 22:28:40'),
(151, 15, 151, 25, '2021-10-11 22:28:40', '2021-10-11 22:28:40'),
(152, 13, 152, 26, '2021-10-11 22:28:40', '2021-10-11 22:28:40'),
(153, 14, 153, 26, '2021-10-11 22:28:40', '2021-10-11 22:28:40'),
(154, 15, 154, 26, '2021-10-11 22:28:40', '2021-10-11 22:28:40'),
(155, 13, 155, 27, '2021-10-11 22:28:40', '2021-10-11 22:28:40'),
(156, 14, 156, 27, '2021-10-11 22:28:40', '2021-10-11 22:28:40'),
(157, 15, 157, 27, '2021-10-11 22:28:40', '2021-10-11 22:28:40'),
(158, 13, 158, 28, '2021-10-11 22:28:40', '2021-10-11 22:28:40'),
(159, 14, 159, 28, '2021-10-11 22:28:40', '2021-10-11 22:28:40'),
(160, 15, 160, 28, '2021-10-11 22:28:40', '2021-10-11 22:28:40'),
(161, 13, 161, 29, '2021-10-11 22:28:40', '2021-10-11 22:28:40'),
(162, 14, 162, 29, '2021-10-11 22:28:40', '2021-10-11 22:28:40'),
(163, 15, 163, 29, '2021-10-11 22:28:40', '2021-10-11 22:28:40'),
(164, 13, 164, 30, '2021-10-11 22:28:40', '2021-10-11 22:28:40'),
(165, 14, 165, 30, '2021-10-11 22:28:40', '2021-10-11 22:28:40'),
(166, 15, 166, 30, '2021-10-11 22:28:40', '2021-10-11 22:28:40'),
(167, 13, 167, 31, '2021-10-11 22:28:40', '2021-10-11 22:28:40'),
(168, 14, 168, 31, '2021-10-11 22:28:40', '2021-10-11 22:28:40'),
(169, 15, 169, 31, '2021-10-11 22:28:40', '2021-10-11 22:28:40'),
(170, 13, 170, 32, '2021-10-11 22:28:40', '2021-10-11 22:28:40'),
(171, 14, 171, 32, '2021-10-11 22:28:40', '2021-10-11 22:28:40'),
(172, 15, 172, 32, '2021-10-11 22:28:40', '2021-10-11 22:28:40'),
(206, 1, 206, 36, '2021-10-14 02:19:52', '2021-10-14 02:19:52'),
(207, 2, 207, 36, '2021-10-14 02:19:53', '2021-10-14 02:19:53'),
(208, 3, 208, 36, '2021-10-14 02:19:53', '2021-10-14 02:19:53'),
(209, 5, 209, 36, '2021-10-14 02:19:53', '2021-10-14 02:19:53'),
(210, 6, 210, 36, '2021-10-14 02:19:53', '2021-10-14 02:19:53'),
(211, 7, 211, 36, '2021-10-14 02:19:53', '2021-10-14 02:19:53'),
(212, 8, 212, 36, '2021-10-14 02:19:53', '2021-10-14 02:19:53'),
(213, 9, 213, 36, '2021-10-14 02:19:53', '2021-10-14 02:19:53'),
(214, 10, 214, 36, '2021-10-14 02:19:53', '2021-10-14 02:19:53'),
(215, 11, 215, 36, '2021-10-14 02:19:53', '2021-10-14 02:19:53'),
(216, 12, 216, 36, '2021-10-14 02:19:53', '2021-10-14 02:19:53'),
(217, 1, 217, 37, '2021-10-14 02:20:51', '2021-10-14 02:20:51'),
(218, 2, 218, 37, '2021-10-14 02:20:51', '2021-10-14 02:20:51'),
(219, 3, 219, 37, '2021-10-14 02:20:51', '2021-10-14 02:20:51'),
(220, 5, 220, 37, '2021-10-14 02:20:51', '2021-10-14 02:20:51'),
(221, 6, 221, 37, '2021-10-14 02:20:51', '2021-10-14 02:20:51'),
(222, 7, 222, 37, '2021-10-14 02:20:51', '2021-10-14 02:20:51'),
(223, 8, 223, 37, '2021-10-14 02:20:51', '2021-10-14 02:20:51'),
(224, 9, 224, 37, '2021-10-14 02:20:51', '2021-10-14 02:20:51'),
(225, 10, 225, 37, '2021-10-14 02:20:51', '2021-10-14 02:20:51'),
(226, 11, 226, 37, '2021-10-14 02:20:51', '2021-10-14 02:20:51'),
(227, 12, 227, 37, '2021-10-14 02:20:51', '2021-10-14 02:20:51'),
(228, 1, 228, 38, '2021-10-14 02:31:44', '2021-10-14 02:31:44'),
(229, 2, 229, 38, '2021-10-14 02:31:44', '2021-10-14 02:31:44'),
(230, 3, 230, 38, '2021-10-14 02:31:44', '2021-10-14 02:31:44'),
(231, 5, 231, 38, '2021-10-14 02:31:44', '2021-10-14 02:31:44'),
(232, 6, 232, 38, '2021-10-14 02:31:44', '2021-10-14 02:31:44'),
(233, 7, 233, 38, '2021-10-14 02:31:44', '2021-10-14 02:31:44'),
(234, 8, 234, 38, '2021-10-14 02:31:44', '2021-10-14 02:31:44'),
(235, 9, 235, 38, '2021-10-14 02:31:44', '2021-10-14 02:31:44'),
(236, 10, 236, 38, '2021-10-14 02:31:44', '2021-10-14 02:31:44'),
(237, 11, 237, 38, '2021-10-14 02:31:45', '2021-10-14 02:31:45'),
(238, 12, 238, 38, '2021-10-14 02:31:45', '2021-10-14 02:31:45'),
(239, 1, 239, 39, '2021-10-14 02:31:48', '2021-10-14 02:31:48'),
(240, 2, 240, 39, '2021-10-14 02:31:48', '2021-10-14 02:31:48'),
(241, 3, 241, 39, '2021-10-14 02:31:48', '2021-10-14 02:31:48'),
(242, 5, 242, 39, '2021-10-14 02:31:48', '2021-10-14 02:31:48'),
(243, 6, 243, 39, '2021-10-14 02:31:48', '2021-10-14 02:31:48'),
(244, 7, 244, 39, '2021-10-14 02:31:48', '2021-10-14 02:31:48'),
(245, 8, 245, 39, '2021-10-14 02:31:48', '2021-10-14 02:31:48'),
(246, 9, 246, 39, '2021-10-14 02:31:48', '2021-10-14 02:31:48'),
(247, 10, 247, 39, '2021-10-14 02:31:48', '2021-10-14 02:31:48'),
(248, 11, 248, 39, '2021-10-14 02:31:48', '2021-10-14 02:31:48'),
(249, 12, 249, 39, '2021-10-14 02:31:48', '2021-10-14 02:31:48');

-- --------------------------------------------------------

--
-- Table structure for table `migrations`
--

DROP TABLE IF EXISTS `migrations`;
CREATE TABLE `migrations` (
  `id` int(10) UNSIGNED NOT NULL,
  `migration` varchar(191) COLLATE utf8mb4_unicode_ci NOT NULL,
  `batch` int(11) NOT NULL
) ENGINE=InnoDB DEFAULT CHARSET=utf8mb4 COLLATE=utf8mb4_unicode_ci;

--
-- Dumping data for table `migrations`
--

INSERT INTO `migrations` (`id`, `migration`, `batch`) VALUES
(1, '2014_10_12_000000_create_users_table', 1),
(2, '2014_10_12_100000_create_password_resets_table', 1),
(3, '2021_09_16_153210_create_countries_table', 1),
(4, '2021_09_16_153212_create_provinces_table', 1),
(5, '2021_09_16_153214_create_cities_table', 1),
(6, '2021_09_16_153220_create_projects_table', 1),
(7, '2021_09_16_154926_create_tools_table', 1),
(8, '2021_09_16_155458_create_relevamientos_table', 1),
(9, '2021_09_16_182107_create_data_table', 1),
(10, '2021_09_16_182244_create_tools_data_table', 1),
(11, '2021_09_23_205040_create_answers_table', 1),
(12, '2021_09_23_205235_create_data_answers_table', 1);

-- --------------------------------------------------------

--
-- Table structure for table `password_resets`
--

DROP TABLE IF EXISTS `password_resets`;
CREATE TABLE `password_resets` (
  `email` varchar(191) COLLATE utf8mb4_unicode_ci NOT NULL,
  `token` varchar(191) COLLATE utf8mb4_unicode_ci NOT NULL,
  `created_at` timestamp NULL DEFAULT NULL
) ENGINE=InnoDB DEFAULT CHARSET=utf8mb4 COLLATE=utf8mb4_unicode_ci;

-- --------------------------------------------------------

--
-- Table structure for table `projects`
--

DROP TABLE IF EXISTS `projects`;
CREATE TABLE `projects` (
  `id` bigint(20) UNSIGNED NOT NULL,
  `project_name` varchar(191) COLLATE utf8mb4_unicode_ci NOT NULL,
  `city_id` bigint(20) UNSIGNED DEFAULT NULL,
  `project_creator` varchar(191) COLLATE utf8mb4_unicode_ci DEFAULT NULL,
  `project_latitud` varchar(191) COLLATE utf8mb4_unicode_ci DEFAULT NULL,
  `project_longitud` varchar(191) COLLATE utf8mb4_unicode_ci DEFAULT NULL,
  `created_at` timestamp NULL DEFAULT NULL,
  `updated_at` timestamp NULL DEFAULT NULL
) ENGINE=InnoDB DEFAULT CHARSET=utf8mb4 COLLATE=utf8mb4_unicode_ci;

--
-- Dumping data for table `projects`
--

INSERT INTO `projects` (`id`, `project_name`, `city_id`, `project_creator`, `project_latitud`, `project_longitud`, `created_at`, `updated_at`) VALUES
(1, 'Primer Proyecto', 1, 'Jona', '-31.7635085', '-60.4666508', '2021-10-08 03:21:30', '2021-10-08 03:21:30');

-- --------------------------------------------------------

--
-- Table structure for table `provinces`
--

DROP TABLE IF EXISTS `provinces`;
CREATE TABLE `provinces` (
  `id` bigint(20) UNSIGNED NOT NULL,
  `province_name` varchar(191) COLLATE utf8mb4_unicode_ci NOT NULL,
  `country_id` bigint(20) UNSIGNED DEFAULT NULL,
  `created_at` timestamp NULL DEFAULT NULL,
  `updated_at` timestamp NULL DEFAULT NULL
) ENGINE=InnoDB DEFAULT CHARSET=utf8mb4 COLLATE=utf8mb4_unicode_ci;

--
-- Dumping data for table `provinces`
--

INSERT INTO `provinces` (`id`, `province_name`, `country_id`, `created_at`, `updated_at`) VALUES
(1, 'Santa Fé', 1, NULL, NULL),
(2, 'Entre Ríos', 1, NULL, NULL);

-- --------------------------------------------------------

--
-- Table structure for table `relevamientos`
--

DROP TABLE IF EXISTS `relevamientos`;
CREATE TABLE `relevamientos` (
  `id` bigint(20) UNSIGNED NOT NULL,
  `relevamiento_creator` varchar(191) COLLATE utf8mb4_unicode_ci DEFAULT NULL,
  `project_id` bigint(20) UNSIGNED DEFAULT NULL,
  `tool_id` bigint(20) UNSIGNED DEFAULT NULL,
  `user_id` bigint(20) UNSIGNED DEFAULT NULL,
  `relevamiento_latitud` varchar(191) COLLATE utf8mb4_unicode_ci DEFAULT NULL,
  `relevamiento_longitud` varchar(191) COLLATE utf8mb4_unicode_ci DEFAULT NULL,
  `created_at` timestamp NULL DEFAULT NULL,
  `updated_at` timestamp NULL DEFAULT NULL
) ENGINE=InnoDB DEFAULT CHARSET=utf8mb4 COLLATE=utf8mb4_unicode_ci;

--
-- Dumping data for table `relevamientos`
--

INSERT INTO `relevamientos` (`id`, `relevamiento_creator`, `project_id`, `tool_id`, `user_id`, `relevamiento_latitud`, `relevamiento_longitud`, `created_at`, `updated_at`) VALUES
(1, 'Jona', 1, 1, 1, NULL, NULL, '2021-10-08 03:23:38', '2021-10-08 03:23:38'),
(2, 'Jona', 1, 1, 1, NULL, NULL, '2021-10-08 03:23:43', '2021-10-08 03:23:43'),
(3, 'Jona', 1, 1, 1, NULL, NULL, '2021-10-08 03:27:42', '2021-10-08 03:27:42'),
(7, 'Jona', 1, 1, 1, NULL, NULL, '2021-10-08 18:17:32', '2021-10-08 18:17:32'),
(8, 'Jona', 1, 1, 1, NULL, NULL, '2021-10-08 18:19:20', '2021-10-08 18:19:20'),
(9, 'Jona', 1, 1, 1, NULL, NULL, '2021-10-08 18:21:56', '2021-10-08 18:21:56'),
(11, 'Jona', 1, 1, 1, NULL, NULL, '2021-10-08 19:05:59', '2021-10-08 19:05:59'),
(12, 'Jona', 1, 1, 1, NULL, NULL, '2021-10-08 19:08:28', '2021-10-08 19:08:28'),
(13, 'Jona', 1, 1, 1, NULL, NULL, '2021-10-08 19:13:13', '2021-10-08 19:13:13'),
(14, 'Jona', 1, 1, 1, NULL, NULL, '2021-10-08 19:14:18', '2021-10-08 19:14:18'),
(15, 'Jona', 1, 2, 1, NULL, NULL, '2021-10-08 20:32:17', '2021-10-08 20:32:17'),
(16, 'Jona', 1, 2, 1, NULL, NULL, '2021-10-08 20:57:37', '2021-10-08 20:57:37'),
(17, 'Jona', 1, 2, 1, NULL, NULL, '2021-10-11 22:27:11', '2021-10-11 22:27:11'),
(18, 'Jona', 1, 2, 1, NULL, NULL, '2021-10-11 22:27:11', '2021-10-11 22:27:11'),
(19, 'Jona', 1, 2, 1, NULL, NULL, '2021-10-11 22:27:11', '2021-10-11 22:27:11'),
(20, 'Jona', 1, 2, 1, NULL, NULL, '2021-10-11 22:27:11', '2021-10-11 22:27:11'),
(21, 'Jona', 1, 2, 1, NULL, NULL, '2021-10-11 22:27:11', '2021-10-11 22:27:11'),
(22, 'Jona', 1, 2, 1, NULL, NULL, '2021-10-11 22:27:11', '2021-10-11 22:27:11'),
(23, 'Jona', 1, 2, 1, NULL, NULL, '2021-10-11 22:27:11', '2021-10-11 22:27:11'),
(24, 'Jona', 1, 2, 1, NULL, NULL, '2021-10-11 22:27:11', '2021-10-11 22:27:11'),
(25, 'Jona', 1, 2, 1, NULL, NULL, '2021-10-11 22:28:40', '2021-10-11 22:28:40'),
(26, 'Jona', 1, 2, 1, NULL, NULL, '2021-10-11 22:28:40', '2021-10-11 22:28:40'),
(27, 'Jona', 1, 2, 1, NULL, NULL, '2021-10-11 22:28:40', '2021-10-11 22:28:40'),
(28, 'Jona', 1, 2, 1, NULL, NULL, '2021-10-11 22:28:40', '2021-10-11 22:28:40'),
(29, 'Jona', 1, 2, 1, NULL, NULL, '2021-10-11 22:28:40', '2021-10-11 22:28:40'),
(30, 'Jona', 1, 2, 1, NULL, NULL, '2021-10-11 22:28:40', '2021-10-11 22:28:40'),
(31, 'Jona', 1, 2, 1, NULL, NULL, '2021-10-11 22:28:40', '2021-10-11 22:28:40'),
(32, 'Jona', 1, 2, 1, NULL, NULL, '2021-10-11 22:28:40', '2021-10-11 22:28:40'),
(36, 'Jona', 1, 1, 1, '-31.7694011', '-60.4544414', '2021-10-14 02:19:52', '2021-10-14 02:19:52'),
(37, 'Jona', 1, 1, 1, '-31.7694011', '-60.4544414', '2021-10-14 02:20:51', '2021-10-14 02:20:51'),
(38, 'Jona', 1, 1, 1, '-31.7694011', '-60.4544414', '2021-10-14 02:31:44', '2021-10-14 02:31:44'),
(39, 'Jona', 1, 1, 1, '-31.7694011', '-60.4544414', '2021-10-14 02:31:48', '2021-10-14 02:31:48');

-- --------------------------------------------------------

--
-- Table structure for table `tools`
--

DROP TABLE IF EXISTS `tools`;
CREATE TABLE `tools` (
  `id` bigint(20) UNSIGNED NOT NULL,
  `tool_name` varchar(191) COLLATE utf8mb4_unicode_ci NOT NULL,
  `user_id` bigint(20) UNSIGNED DEFAULT NULL,
  `created_at` timestamp NULL DEFAULT NULL,
  `updated_at` timestamp NULL DEFAULT NULL
) ENGINE=InnoDB DEFAULT CHARSET=utf8mb4 COLLATE=utf8mb4_unicode_ci;

--
-- Dumping data for table `tools`
--

INSERT INTO `tools` (`id`, `tool_name`, `user_id`, `created_at`, `updated_at`) VALUES
(1, 'Herramienta Primer Proyecto', 1, '2021-10-08 03:22:51', '2021-10-08 03:22:51'),
(2, 'Sin Datos', 1, '2021-10-08 20:19:43', '2021-10-08 20:19:43');

-- --------------------------------------------------------

--
-- Table structure for table `tools_data`
--

DROP TABLE IF EXISTS `tools_data`;
CREATE TABLE `tools_data` (
  `id` bigint(20) UNSIGNED NOT NULL,
  `tool_id` bigint(20) UNSIGNED DEFAULT NULL,
  `data_id` bigint(20) UNSIGNED DEFAULT NULL,
  `created_at` timestamp NULL DEFAULT NULL,
  `updated_at` timestamp NULL DEFAULT NULL
) ENGINE=InnoDB DEFAULT CHARSET=utf8mb4 COLLATE=utf8mb4_unicode_ci;

--
-- Dumping data for table `tools_data`
--

INSERT INTO `tools_data` (`id`, `tool_id`, `data_id`, `created_at`, `updated_at`) VALUES
(1, 1, 1, '2021-10-08 03:23:16', '2021-10-08 03:23:16'),
(2, 1, 2, '2021-10-08 03:23:16', '2021-10-08 03:23:16'),
(3, 1, 3, '2021-10-08 03:27:42', '2021-10-08 03:27:42'),
(5, 1, 5, '2021-10-08 18:17:32', '2021-10-08 18:17:32'),
(6, 1, 6, '2021-10-08 18:21:56', '2021-10-08 18:21:56'),
(7, 1, 7, '2021-10-08 18:26:39', '2021-10-08 18:26:39'),
(8, 1, 8, '2021-10-08 18:26:39', '2021-10-08 18:26:39'),
(9, 1, 9, '2021-10-08 19:08:28', '2021-10-08 19:08:28'),
(10, 1, 10, '2021-10-08 19:13:13', '2021-10-08 19:13:13'),
(11, 1, 11, '2021-10-08 19:14:18', '2021-10-08 19:14:18'),
(12, 1, 12, '2021-10-08 19:14:18', '2021-10-08 19:14:18'),
(13, 2, 13, '2021-10-08 20:32:17', '2021-10-08 20:32:17'),
(14, 2, 14, '2021-10-08 20:32:17', '2021-10-08 20:32:17'),
(15, 2, 15, '2021-10-08 20:32:17', '2021-10-08 20:32:17');

-- --------------------------------------------------------

--
-- Table structure for table `users`
--

DROP TABLE IF EXISTS `users`;
CREATE TABLE `users` (
  `id` bigint(20) UNSIGNED NOT NULL,
  `name` varchar(191) COLLATE utf8mb4_unicode_ci NOT NULL,
  `legajo` varchar(191) COLLATE utf8mb4_unicode_ci DEFAULT NULL,
  `admin` int(11) DEFAULT NULL,
  `email` varchar(255) COLLATE utf8mb4_unicode_ci NOT NULL,
  `email_verified_at` timestamp NULL DEFAULT NULL,
  `password` varchar(191) COLLATE utf8mb4_unicode_ci NOT NULL,
  `remember_token` varchar(100) COLLATE utf8mb4_unicode_ci DEFAULT NULL,
  `created_at` timestamp NULL DEFAULT NULL,
  `updated_at` timestamp NULL DEFAULT NULL
) ENGINE=InnoDB DEFAULT CHARSET=utf8mb4 COLLATE=utf8mb4_unicode_ci;

--
-- Dumping data for table `users`
--

INSERT INTO `users` (`id`, `name`, `legajo`, `admin`, `email`, `email_verified_at`, `password`, `remember_token`, `created_at`, `updated_at`) VALUES
(1, 'Jona', '', 1, 'jona_872@hotmail.com', NULL, '$2y$10$547BDfs./NYDSAFtMlDG4eH05J6TBvK9oy6XnPZq9w1k6rtOXSLLe', NULL, '2021-10-08 03:19:58', '2021-10-08 03:19:58'),
(2, 'Alumno1', '199-1922', 1, 'jona_8722@hotmail.comm', NULL, '$2y$10$dXQM1RLQ1Ph7rDHMAZ7RXuqptn0W6NDz2kSEdJviOmZHkJ/rA0..O', NULL, '2021-10-16 18:31:03', '2021-10-16 21:17:46');

--
-- Indexes for dumped tables
--

--
-- Indexes for table `answers`
--
ALTER TABLE `answers`
  ADD PRIMARY KEY (`id`);

--
-- Indexes for table `cities`
--
ALTER TABLE `cities`
  ADD PRIMARY KEY (`id`),
  ADD KEY `cities_province_id_index` (`province_id`);

--
-- Indexes for table `countries`
--
ALTER TABLE `countries`
  ADD PRIMARY KEY (`id`);

--
-- Indexes for table `data`
--
ALTER TABLE `data`
  ADD PRIMARY KEY (`id`);

--
-- Indexes for table `data_answers`
--
ALTER TABLE `data_answers`
  ADD PRIMARY KEY (`id`),
  ADD KEY `data_answers_data_id_index` (`data_id`),
  ADD KEY `data_answers_answer_id_index` (`answer_id`),
  ADD KEY `data_answers_relevamiento_id_index` (`relevamiento_id`);

--
-- Indexes for table `migrations`
--
ALTER TABLE `migrations`
  ADD PRIMARY KEY (`id`);

--
-- Indexes for table `password_resets`
--
ALTER TABLE `password_resets`
  ADD KEY `password_resets_email_index` (`email`);

--
-- Indexes for table `projects`
--
ALTER TABLE `projects`
  ADD PRIMARY KEY (`id`),
  ADD KEY `projects_city_id_index` (`city_id`);

--
-- Indexes for table `provinces`
--
ALTER TABLE `provinces`
  ADD PRIMARY KEY (`id`),
  ADD KEY `provinces_country_id_index` (`country_id`);

--
-- Indexes for table `relevamientos`
--
ALTER TABLE `relevamientos`
  ADD PRIMARY KEY (`id`),
  ADD KEY `relevamientos_project_id_index` (`project_id`),
  ADD KEY `relevamientos_tool_id_index` (`tool_id`),
  ADD KEY `relevamientos_user_id_index` (`user_id`);

--
-- Indexes for table `tools`
--
ALTER TABLE `tools`
  ADD PRIMARY KEY (`id`),
  ADD KEY `tools_user_id_index` (`user_id`);

--
-- Indexes for table `tools_data`
--
ALTER TABLE `tools_data`
  ADD PRIMARY KEY (`id`),
  ADD KEY `tools_data_tool_id_index` (`tool_id`),
  ADD KEY `tools_data_data_id_index` (`data_id`);

--
-- Indexes for table `users`
--
ALTER TABLE `users`
  ADD PRIMARY KEY (`id`),
  ADD UNIQUE KEY `users_email_unique` (`email`);

--
-- AUTO_INCREMENT for dumped tables
--

--
-- AUTO_INCREMENT for table `answers`
--
ALTER TABLE `answers`
  MODIFY `id` bigint(20) UNSIGNED NOT NULL AUTO_INCREMENT, AUTO_INCREMENT=250;

--
-- AUTO_INCREMENT for table `cities`
--
ALTER TABLE `cities`
  MODIFY `id` bigint(20) UNSIGNED NOT NULL AUTO_INCREMENT, AUTO_INCREMENT=3;

--
-- AUTO_INCREMENT for table `countries`
--
ALTER TABLE `countries`
  MODIFY `id` bigint(20) UNSIGNED NOT NULL AUTO_INCREMENT, AUTO_INCREMENT=2;

--
-- AUTO_INCREMENT for table `data`
--
ALTER TABLE `data`
  MODIFY `id` bigint(20) UNSIGNED NOT NULL AUTO_INCREMENT, AUTO_INCREMENT=16;

--
-- AUTO_INCREMENT for table `data_answers`
--
ALTER TABLE `data_answers`
  MODIFY `id` bigint(20) UNSIGNED NOT NULL AUTO_INCREMENT, AUTO_INCREMENT=250;

--
-- AUTO_INCREMENT for table `migrations`
--
ALTER TABLE `migrations`
  MODIFY `id` int(10) UNSIGNED NOT NULL AUTO_INCREMENT, AUTO_INCREMENT=13;

--
-- AUTO_INCREMENT for table `projects`
--
ALTER TABLE `projects`
  MODIFY `id` bigint(20) UNSIGNED NOT NULL AUTO_INCREMENT, AUTO_INCREMENT=2;

--
-- AUTO_INCREMENT for table `provinces`
--
ALTER TABLE `provinces`
  MODIFY `id` bigint(20) UNSIGNED NOT NULL AUTO_INCREMENT, AUTO_INCREMENT=3;

--
-- AUTO_INCREMENT for table `relevamientos`
--
ALTER TABLE `relevamientos`
  MODIFY `id` bigint(20) UNSIGNED NOT NULL AUTO_INCREMENT, AUTO_INCREMENT=40;

--
-- AUTO_INCREMENT for table `tools`
--
ALTER TABLE `tools`
  MODIFY `id` bigint(20) UNSIGNED NOT NULL AUTO_INCREMENT, AUTO_INCREMENT=3;

--
-- AUTO_INCREMENT for table `tools_data`
--
ALTER TABLE `tools_data`
  MODIFY `id` bigint(20) UNSIGNED NOT NULL AUTO_INCREMENT, AUTO_INCREMENT=16;

--
-- AUTO_INCREMENT for table `users`
--
ALTER TABLE `users`
  MODIFY `id` bigint(20) UNSIGNED NOT NULL AUTO_INCREMENT, AUTO_INCREMENT=4;

--
-- Constraints for dumped tables
--

--
-- Constraints for table `cities`
--
ALTER TABLE `cities`
  ADD CONSTRAINT `cities_province_id_foreign` FOREIGN KEY (`province_id`) REFERENCES `provinces` (`id`);

--
-- Constraints for table `data_answers`
--
ALTER TABLE `data_answers`
  ADD CONSTRAINT `data_answers_answer_id_foreign` FOREIGN KEY (`answer_id`) REFERENCES `answers` (`id`),
  ADD CONSTRAINT `data_answers_data_id_foreign` FOREIGN KEY (`data_id`) REFERENCES `data` (`id`),
  ADD CONSTRAINT `data_answers_relevamiento_id_foreign` FOREIGN KEY (`relevamiento_id`) REFERENCES `relevamientos` (`id`);

--
-- Constraints for table `projects`
--
ALTER TABLE `projects`
  ADD CONSTRAINT `projects_city_id_foreign` FOREIGN KEY (`city_id`) REFERENCES `cities` (`id`);

--
-- Constraints for table `provinces`
--
ALTER TABLE `provinces`
  ADD CONSTRAINT `provinces_country_id_foreign` FOREIGN KEY (`country_id`) REFERENCES `countries` (`id`);

--
-- Constraints for table `relevamientos`
--
ALTER TABLE `relevamientos`
  ADD CONSTRAINT `relevamientos_project_id_foreign` FOREIGN KEY (`project_id`) REFERENCES `projects` (`id`),
  ADD CONSTRAINT `relevamientos_tool_id_foreign` FOREIGN KEY (`tool_id`) REFERENCES `tools` (`id`),
  ADD CONSTRAINT `relevamientos_user_id_foreign` FOREIGN KEY (`user_id`) REFERENCES `users` (`id`) ON DELETE CASCADE;

--
-- Constraints for table `tools`
--
ALTER TABLE `tools`
  ADD CONSTRAINT `tools_user_id_foreign` FOREIGN KEY (`user_id`) REFERENCES `users` (`id`);

--
-- Constraints for table `tools_data`
--
ALTER TABLE `tools_data`
  ADD CONSTRAINT `tools_data_data_id_foreign` FOREIGN KEY (`data_id`) REFERENCES `data` (`id`),
  ADD CONSTRAINT `tools_data_tool_id_foreign` FOREIGN KEY (`tool_id`) REFERENCES `tools` (`id`);
COMMIT;

/*!40101 SET CHARACTER_SET_CLIENT=@OLD_CHARACTER_SET_CLIENT */;
/*!40101 SET CHARACTER_SET_RESULTS=@OLD_CHARACTER_SET_RESULTS */;
/*!40101 SET COLLATION_CONNECTION=@OLD_COLLATION_CONNECTION */;
